  -- Inserting 50 rows into the LoaiBan table  -- Inserting 50 rows of data into LoaiBan table INSERT INTO [dbo].[LoaiBan] (maLoai, tenLoai) VALUES      ('L001', N'bàn thường'),     ('L002', N'bàn gia đình'),     ('L003', N'bàn cao'),     ('L004', N'bàn thấp'),     ('L005', N'bàn thường'),     ('L006', N'bàn gia đình'),     ('L007', N'bàn cao'),     ('L008', N'bàn thấp'),     ('L009', N'bàn thường'),     ('L010', N'bàn gia đình'),     ('L011', N'bàn cao'),     ('L012', N'bàn thấp'),     ('L013', N'bàn thường'),     ('L014', N'bàn gia đình'),     ('L015', N'bàn cao'),     ('L016', N'bàn thấp'),     ('L017', N'bàn thường'),     ('L018', N'bàn gia đình'),     ('L019', N'bàn cao'),     ('L020', N'bàn thấp'),     ('L021', N'bàn thường'),     ('L022', N'bàn gia đình'),     ('L023', N'bàn cao'),     ('L024', N'bàn thấp'),     ('L025', N'bàn thường'),     ('L026', N'bàn gia đình'),     ('L027', N'bàn cao'),     ('L028', N'bàn thấp'),     ('L029', N'bàn thường'),     ('L030', N'bàn gia đình'),     ('L031', N'bàn cao'),     ('L032', N'bàn thấp'),     ('L033', N'bàn thường'),     ('L034', N'bàn gia đình'),     ('L035', N'bàn cao'),     ('L036', N'bàn thấp'),     ('L037', N'bàn thường'),     ('L038', N'bàn gia đình'),     ('L039', N'bàn cao'),     ('L040', N'bàn thấp'),     ('L041', N'bàn thường'),     ('L042', N'bàn gia đình'),     ('L043', N'bàn cao'),     ('L044', N'bàn thấp'),     ('L045', N'bàn thường'),     ('L046', N'bàn gia đình'),     ('L047', N'bàn cao'),     ('L048', N'bàn thấp'),     ('L049', N'bàn thường'),     ('L050', N'bàn gia đình');   -- Inserting 50 rows of data into Ban table with specific trangThaiBan and viTri values INSERT INTO [dbo].[Ban] (maBan, maLoai, trangThaiBan, soLuongGhe, viTri) VALUES      ('B001', 'L001', 'Trống', 4, 'gần cửa sổ'),     ('B002', 'L001', 'đã đặt trước', 6, 'trung tâm'),     ('B003', 'L002', 'đang sử dụng', 4, 'gần cổng'),     ('B004', 'L002', 'cần dọn dẹp', 2, 'trong nhà'),     ('B005', 'L001', 'Trống', 4, 'gần cửa sổ'),     ('B006', 'L002', 'đã đặt trước', 6, 'trung tâm'),     ('B007', 'L002', 'đang sử dụng', 8, 'gần cổng'),     ('B008', 'L001', 'cần dọn dẹp', 4, 'trong nhà'),     ('B009', 'L002', 'Trống', 2, 'gần cửa sổ'),     ('B010', 'L001', 'đã đặt trước', 6, 'trung tâm'),     ('B011', 'L002', 'đang sử dụng', 4, 'gần cổng'),     ('B012', 'L001', 'Trống', 2, 'trong nhà'),     ('B013', 'L002', 'cần dọn dẹp', 4, 'gần cửa sổ'),     ('B014', 'L002', 'Trống', 6, 'trung tâm'),     ('B015', 'L001', 'đã đặt trước', 8, 'gần cổng'),     ('B016', 'L002', 'đang sử dụng', 4, 'trong nhà'),     ('B017', 'L001', 'cần dọn dẹp', 2, 'gần cửa sổ'),     ('B018', 'L002', 'Trống', 6, 'trung tâm'),     ('B019', 'L001', 'đã đặt trước', 4, 'gần cổng'),     ('B020', 'L002', 'đang sử dụng', 8, 'trong nhà'),     ('B021', 'L002', 'cần dọn dẹp', 2, 'gần cửa sổ'),     ('B022', 'L001', 'Trống', 6, 'trung tâm'),     ('B023', 'L002', 'đã đặt trước', 4, 'gần cổng'),     ('B024', 'L001', 'đang sử dụng', 8, 'trong nhà'),     ('B025', 'L002', 'cần dọn dẹp', 2, 'gần cửa sổ'),     ('B026', 'L002', 'Trống', 4, 'trung tâm'),     ('B027', 'L001', 'đã đặt trước', 6, 'gần cổng'),     ('B028', 'L002', 'đang sử dụng', 4, 'trong nhà'),     ('B029', 'L001', 'cần dọn dẹp', 8, 'gần cửa sổ'),     ('B030', 'L002', 'Trống', 6, 'trung tâm'),     ('B031', 'L002', 'đã đặt trước', 4, 'gần cổng'),     ('B032', 'L001', 'đang sử dụng', 2, 'trong nhà'),     ('B033', 'L002', 'cần dọn dẹp', 6, 'gần cửa sổ'),     ('B034', 'L001', 'Trống', 4, 'trung tâm'),     ('B035', 'L002', 'đã đặt trước', 8, 'gần cổng'),     ('B036', 'L002', 'đang sử dụng', 4, 'trong nhà'),     ('B037', 'L001', 'cần dọn dẹp', 6, 'gần cửa sổ'),     ('B038', 'L002', 'Trống', 2, 'trung tâm'),     ('B039', 'L001', 'đã đặt trước', 4, 'gần cổng'),     ('B040', 'L002', 'đang sử dụng', 8, 'trong nhà'),     ('B041', 'L001', 'cần dọn dẹp', 2, 'gần cửa sổ'),     ('B042', 'L002', 'Trống', 4, 'trung tâm'),     ('B043', 'L001', 'đã đặt trước', 6, 'gần cổng'),     ('B044', 'L002', 'đang sử dụng', 4, 'trong nhà'),     ('B045', 'L001', 'cần dọn dẹp', 8, 'gần cửa sổ'),     ('B046', 'L002', 'Trống', 2, 'trung tâm'),     ('B047', 'L001', 'đã đặt trước', 6, 'gần cổng'),     ('B048', 'L002', 'đang sử dụng', 4, 'trong nhà'),     ('B049', 'L002', 'cần dọn dẹp', 8, 'gần cửa sổ'),     ('B050', 'L001', 'Trống', 6, 'trung tâm');  	-- Inserting 5 rows of data into TaiKhoan table INSERT INTO [dbo].[TaiKhoan] (maTK, tenTK, chucVu, matKhau) VALUES      ('TK001', N'Nguyễn Văn A', N'nhân viên', N'mk123456'),     ('TK002', N'Trần Thị B', N'quản lý', N'mkabcdef'),     ('TK003', N'Phạm Văn C', N'nhân viên', N'mk654321'),     ('TK004', N'Nguyễn Thị D', N'quản lý', N'mkqwerty'),     ('TK005', N'Lê Văn E', N'nhân viên', N'mk123abc');   -- Inserting 5 rows of data into NhanVien table INSERT INTO [dbo].[NhanVien] (maNV, maTK, tenNV, sdt, email, ngayVaoLam) VALUES      ('NV001', 'TK001', N'Nguyễn Văn A', '0123456789', 'a.nguyen@yahoo.com', '2024-01-10'),     ('NV002', 'TK002', N'Trần Thị B', '0987654321', 'b.tran@student.iuh.edu.vn.com', '2024-02-15'),     ('NV003', 'TK003', N'Phạm Văn C', '0912345678', 'c.pham@gmail.com', '2024-03-20'),     ('NV004', 'TK004', N'Nguyễn Thị D', '0789012345', 'd.nguyen@gmail.com', '2024-04-25'),     ('NV005', 'TK005', N'Lê Văn E', '0765432109', 'e.le@pr.com', '2024-05-30');   